{
    "web":
    {
        "client_id":"512119846821-d7m44q0m3bituoamoiq3403v57cff06b.apps.googleusercontent.com",
        "project_id":"my-project-23540-injaz",
        "auth_uri":"https://accounts.google.com/o/oauth2/auth",
        "token_uri":"https://oauth2.googleapis.com/token",
        "auth_provider_x509_cert_url":"https://www.googleapis.com/oauth2/v1/certs",
        "client_secret":"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",
        "redirect_uris":["https://my-project-23540-injaz.firebaseapp.com/__/auth/handler"],
        "javascript_origins":["http://localhost","http://localhost:5000","https://my-project-23540-injaz.firebaseapp.com"]
    }
}